{"cameraMode":{"drawMode":0,"name":"Shaded","section":"Shading Mode"},"sceneLighting":true,"audioPlay":false,"sceneViewState":{"showFog":true,"showMaterialUpdate":false,"showSkybox":true,"showFlares":true,"showImageEffects":true,"showParticleSystems":true},"in2DMode":false,"pivot":{"x":-22.211292266845704,"y":-4.545229434967041,"z":74.93548583984375},"rotation":{"x":-0.4717511832714081,"y":0.3395129144191742,"z":-0.20322316884994508,"w":-0.7880610823631287},"size":14.037212371826172,"orthographic":false}