{"cameraMode":{"drawMode":0,"name":"Shaded","section":"Shading Mode"},"sceneLighting":true,"audioPlay":false,"sceneViewState":{"showFog":true,"showMaterialUpdate":false,"showSkybox":true,"showFlares":true,"showImageEffects":true,"showParticleSystems":true},"in2DMode":false,"pivot":{"x":-21.149564743041993,"y":-0.5572729110717773,"z":16.185640335083009},"rotation":{"x":-0.4967942237854004,"y":-0.007004964165389538,"z":0.00405412632972002,"w":-0.8678726553916931},"size":14.922264099121094,"orthographic":false}