{"cameraMode":{"drawMode":0,"name":"Shaded","section":"Shading Mode"},"sceneLighting":false,"audioPlay":false,"sceneViewState":{"showFog":true,"showMaterialUpdate":false,"showSkybox":false,"showFlares":true,"showImageEffects":true,"showParticleSystems":true},"in2DMode":false,"pivot":{"x":3.2300000190734865,"y":2.5199999809265138,"z":-8.79885482788086},"rotation":{"x":-0.20201683044433595,"y":-0.17293083667755128,"z":0.03624851629137993,"w":-0.9633262753486633},"size":1.4289418458938599,"orthographic":false}