{"cameraMode":{"drawMode":0,"name":"Shaded","section":"Shading Mode"},"sceneLighting":true,"audioPlay":false,"sceneViewState":{"showFog":true,"showMaterialUpdate":false,"showSkybox":true,"showFlares":true,"showImageEffects":true,"showParticleSystems":true},"in2DMode":false,"pivot":{"x":0.4703376889228821,"y":6.0211076736450199,"z":24.064924240112306},"rotation":{"x":-0.3175933063030243,"y":-0.15747790038585664,"z":0.05352157726883888,"w":-0.933578372001648},"size":4.842077732086182,"orthographic":false}