{"cameraMode":{"drawMode":0,"name":"Shaded","section":"Shading Mode"},"sceneLighting":false,"audioPlay":false,"sceneViewState":{"showFog":true,"showMaterialUpdate":false,"showSkybox":false,"showFlares":true,"showImageEffects":true,"showParticleSystems":true},"in2DMode":false,"pivot":{"x":-1.5754015445709229,"y":1.1012381315231324,"z":-5.46123743057251},"rotation":{"x":-0.01634693704545498,"y":0.9577427506446838,"z":-0.055511392652988437,"w":-0.28184762597084048},"size":6.499881267547607,"orthographic":false}