{"cameraMode":{"drawMode":0,"name":"Shaded","section":"Shading Mode"},"sceneLighting":false,"audioPlay":false,"sceneViewState":{"showFog":true,"showMaterialUpdate":false,"showSkybox":false,"showFlares":true,"showImageEffects":true,"showParticleSystems":true},"in2DMode":false,"pivot":{"x":-0.2869190573692322,"y":0.024060606956481935,"z":-0.5568947792053223},"rotation":{"x":-0.00853800866752863,"y":0.9880425930023193,"z":-0.14206932485103608,"w":-0.059367358684539798},"size":6.879305839538574,"orthographic":false}