{"cameraMode":{"drawMode":0,"name":"Shaded","section":"Shading Mode"},"sceneLighting":false,"audioPlay":false,"sceneViewState":{"showFog":true,"showMaterialUpdate":false,"showSkybox":false,"showFlares":true,"showImageEffects":true,"showParticleSystems":true},"in2DMode":false,"pivot":{"x":2.5702924728393556,"y":0.3347482681274414,"z":-4.951629161834717},"rotation":{"x":-0.04234360158443451,"y":-0.9036301970481873,"z":0.09194880723953247,"w":-0.4162880778312683},"size":5.929691791534424,"orthographic":false}