{"cameraMode":{"drawMode":0,"name":"Shaded","section":"Shading Mode"},"sceneLighting":true,"audioPlay":false,"sceneViewState":{"showFog":true,"showMaterialUpdate":false,"showSkybox":true,"showFlares":true,"showImageEffects":true,"showParticleSystems":true},"in2DMode":false,"pivot":{"x":3.7408502101898195,"y":11.49937915802002,"z":-5.739635467529297},"rotation":{"x":0.45421114563941958,"y":-0.4806211590766907,"z":0.3219365179538727,"w":0.677636444568634},"size":1.1051301956176758,"orthographic":false}