{"cameraMode":{"drawMode":0,"name":"Shaded","section":"Shading Mode"},"sceneLighting":true,"audioPlay":false,"sceneViewState":{"showFog":true,"showMaterialUpdate":false,"showSkybox":true,"showFlares":true,"showImageEffects":true,"showParticleSystems":true},"in2DMode":false,"pivot":{"x":94.93438720703125,"y":-191.8641815185547,"z":12.444347381591797},"rotation":{"x":0.1964617818593979,"y":0.6652050614356995,"z":-0.18804222345352174,"w":0.6954699754714966},"size":432.1740417480469,"orthographic":false}