{"cameraMode":{"drawMode":0,"name":"Shaded","section":"Shading Mode"},"sceneLighting":false,"audioPlay":false,"sceneViewState":{"showFog":true,"showMaterialUpdate":false,"showSkybox":false,"showFlares":true,"showImageEffects":true,"showParticleSystems":true},"in2DMode":false,"pivot":{"x":77.3939437866211,"y":82.41767883300781,"z":-188.0276336669922},"rotation":{"x":-0.05399273335933685,"y":0.7334204316139221,"z":-0.058660075068473819,"w":-0.6750959157943726},"size":2.950148105621338,"orthographic":false}