{"cameraMode":{"drawMode":0,"name":"Shaded","section":"Shading Mode"},"sceneLighting":true,"audioPlay":false,"sceneViewState":{"showFog":true,"showMaterialUpdate":false,"showSkybox":true,"showFlares":true,"showImageEffects":true,"showParticleSystems":true},"in2DMode":false,"pivot":{"x":0.5303502082824707,"y":1.1481518745422364,"z":-4.090977668762207},"rotation":{"x":-0.20977234840393067,"y":0.7251728773117065,"z":-0.25107449293136599,"w":-0.6058797836303711},"size":294.60986328125,"orthographic":false}