{"cameraMode":{"drawMode":0,"name":"Shaded","section":"Shading Mode"},"sceneLighting":false,"audioPlay":false,"sceneViewState":{"showFog":true,"showMaterialUpdate":false,"showSkybox":false,"showFlares":true,"showImageEffects":true,"showParticleSystems":true},"in2DMode":false,"pivot":{"x":0.9181255102157593,"y":-0.4851914644241333,"z":-5.964872360229492},"rotation":{"x":-0.013899749144911766,"y":-0.9833406209945679,"z":0.16010460257530213,"w":-0.08547432720661164},"size":5.929691791534424,"orthographic":false}