{"cameraMode":{"drawMode":0,"name":"Shaded","section":"Shading Mode"},"sceneLighting":true,"audioPlay":false,"sceneViewState":{"showFog":true,"showMaterialUpdate":false,"showSkybox":true,"showFlares":true,"showImageEffects":true,"showParticleSystems":true},"in2DMode":false,"pivot":{"x":-1.649993896484375,"y":14.970001220703125,"z":-0.583099365234375},"rotation":{"x":0.11762482672929764,"y":0.7469511032104492,"z":-0.13731922209262849,"w":0.6398221254348755},"size":2469.600341796875,"orthographic":false}