{"cameraMode":{"drawMode":0,"name":"Shaded","section":"Shading Mode"},"sceneLighting":true,"audioPlay":false,"sceneViewState":{"showFog":true,"showMaterialUpdate":false,"showSkybox":true,"showFlares":true,"showImageEffects":true,"showParticleSystems":true},"in2DMode":false,"pivot":{"x":0.20167124271392823,"y":2.0109434127807619,"z":2.7050018310546877},"rotation":{"x":0.28377100825309756,"y":-0.6592198014259338,"z":0.29700982570648196,"w":0.6298338770866394},"size":1.0001797676086426,"orthographic":false}