{"cameraMode":{"drawMode":0,"name":"Shaded","section":"Shading Mode"},"sceneLighting":true,"audioPlay":false,"sceneViewState":{"showFog":true,"showMaterialUpdate":false,"showSkybox":true,"showFlares":true,"showImageEffects":true,"showParticleSystems":true},"in2DMode":false,"pivot":{"x":-25.23810577392578,"y":-3.6994690895080568,"z":75.02328491210938},"rotation":{"x":-0.3024959862232208,"y":0.621708869934082,"z":-0.28277546167373659,"w":-0.6649596691131592},"size":22.780332565307618,"orthographic":false}