{"cameraMode":{"drawMode":0,"name":"Shaded","section":"Shading Mode"},"sceneLighting":false,"audioPlay":false,"sceneViewState":{"showFog":true,"showMaterialUpdate":false,"showSkybox":false,"showFlares":true,"showImageEffects":true,"showParticleSystems":true},"in2DMode":false,"pivot":{"x":-4.905203342437744,"y":1.1073367595672608,"z":-0.43865370750427248},"rotation":{"x":-0.02821292355656624,"y":0.6037042140960693,"z":-0.02136971615254879,"w":-0.796458899974823},"size":9.670114517211914,"orthographic":false}