{"cameraMode":{"drawMode":0,"name":"Shaded","section":"Shading Mode"},"sceneLighting":false,"audioPlay":false,"sceneViewState":{"showFog":true,"showMaterialUpdate":false,"showSkybox":false,"showFlares":true,"showImageEffects":true,"showParticleSystems":true},"in2DMode":false,"pivot":{"x":-0.002984285354614258,"y":1.043590784072876,"z":-2.559999942779541},"rotation":{"x":-0.20977234840393067,"y":0.7251728773117065,"z":-0.25107449293136599,"w":-0.6058797836303711},"size":6.879305839538574,"orthographic":false}