{"cameraMode":{"drawMode":0,"name":"Shaded","section":"Shading Mode"},"sceneLighting":true,"audioPlay":false,"sceneViewState":{"showFog":true,"showMaterialUpdate":false,"showSkybox":true,"showFlares":true,"showImageEffects":true,"showParticleSystems":true},"in2DMode":false,"pivot":{"x":-9.969329833984375,"y":9.01663589477539,"z":6.375385284423828},"rotation":{"x":0.25143617391586306,"y":-0.6252357363700867,"z":0.22320979833602906,"w":0.7042995691299439},"size":74.94911193847656,"orthographic":false}