{"cameraMode":{"drawMode":0,"name":"Shaded","section":"Shading Mode"},"sceneLighting":false,"audioPlay":false,"sceneViewState":{"showFog":true,"showMaterialUpdate":false,"showSkybox":false,"showFlares":true,"showImageEffects":true,"showParticleSystems":true},"in2DMode":false,"pivot":{"x":-0.5312213897705078,"y":-0.2882397174835205,"z":-1.2293832302093506},"rotation":{"x":-0.06063093617558479,"y":0.9055839776992798,"z":-0.13854186236858369,"w":-0.39630433917045596},"size":6.879305839538574,"orthographic":false}