{"cameraMode":{"drawMode":0,"name":"Shaded","section":"Shading Mode"},"sceneLighting":false,"audioPlay":false,"sceneViewState":{"showFog":true,"showMaterialUpdate":false,"showSkybox":false,"showFlares":true,"showImageEffects":true,"showParticleSystems":true},"in2DMode":false,"pivot":{"x":-0.41387075185775759,"y":0.8251895904541016,"z":-8.696067810058594},"rotation":{"x":-0.0014898404479026795,"y":0.9984192848205566,"z":-0.04735913872718811,"w":-0.031164877116680146},"size":9.670114517211914,"orthographic":false}